1,"""7157"","
2,"""7124"","
3,"""348"","
4,"""7422"","
5,"""3569"","
6,"""4524"","
7,"""7040"","
8,"""1636"","
9,"""3091"","
10,"""3123"","
11,"""4318"","
12,"""5243"","
13,"""9370"","
14,"""4790"","
15,"""1401"","
16,"""1029"","
17,"""5743"","
18,"""3553"","
19,"""7421"","
20,"""4846"","
21,"""7099"","
22,"""5468"","
23,"""6532"","
24,"""7015"","
25,"""999"","
26,"""3479"","
27,"""2944"","
28,"""3952"","
29,"""3458"","
30,"""4313"","
31,"""5054"","
32,"""6347"","
33,"""5444"","
34,"""4879"","
35,"""6647"","
36,"""2153"","
37,"""3119"","
38,"""6387"","
39,"""1565"","
40,"""355"","
41,"""154"","
42,"""3383"","
43,"""406991"","
44,"""3162"","
45,"""5970"","
46,"""6696"","
47,"""23411"","
48,"""1432"","
49,"""183"","
50,"""7450"","
51,"""51738"","
52,"""3690"","
53,"""177"","
54,"""4153"","
55,"""1906"","
56,"""1559"","
57,"""185"","
58,"""4312"","
59,"""338"","
60,"""1576"","
61,"""3958"","
62,"""3934"","
63,"""4843"","
64,"""4982"","
65,"""387"","
66,"""4023"","
67,"""1277"","
68,"""3356"","
69,"""6934"","
70,"""1071"","
71,"""5265"","
72,"""2152"","
73,"""4314"","
74,"""4353"","
75,"""2321"","
76,"""1577"","
77,"""406938"","
78,"""3953"","
79,"""56729"","
80,"""7132"","
81,"""10891"","
82,"""8600"","
83,"""8074"","
84,"""10135"","
85,"""7076"","
86,"""406947"","
87,"""959"","
88,"""1490"","
89,"""958"","
90,"""1191"","
91,"""255738"","
92,"""7412"","
93,"""5027"","
94,"""2022"","
95,"""7139"","
96,"""4018"","
97,"""2784"","
98,"""5806"","
99,"""3240"","
100,"""567"","
101,"""285"","
102,"""133"","
103,"""729230"","
104,"""6401"","
105,"""5950"","
106,"""9518"","
107,"""6403"","
108,"""2244"","
109,"""652"","
110,"""153"","
111,"""345"","
112,"""155"","
113,"""7077"","
114,"""847"","
115,"""1585"","
116,"""5327"","
117,"""3570"","
118,"""4684"","
119,"""551"","
120,"""5741"","
121,"""5228"","
122,"""4627"","
123,"""10631"","
124,"""7941"","
125,"""4852"","
126,"""1535"","
127,"""5617"","
128,"""775"","
129,"""4973"","
130,"""3312"","
131,"""7056"","
132,"""4548"","
133,"""2876"","
134,"""5770"","
135,"""1278"","
136,"""1030"","
137,"""1113"","
138,"""59272"","
139,"""3290"","
140,"""50507"","
141,"""2194"","
142,"""249"","
143,"""4878"","
144,"""1361"","
145,"""100"","
146,"""5972"","
147,"""4552"","
148,"""2167"","
149,"""659"","
150,"""5167"","
151,"""4306"","
152,"""406913"","
153,"""655"","
154,"""8862"","
155,"""3159"","
156,"""1281"","
157,"""2740"","
158,"""2678"","
159,"""2643"","
160,"""308"","
161,"""966"","
162,"""8542"","
163,"""6446"","
164,"""186"","
165,"""2264"","
166,"""3572"","
167,"""1910"","
168,"""2246"","
169,"""26762"","
170,"""9173"","
171,"""3291"","
172,"""624"","
173,"""5144"","
174,"""4015"","
175,"""4317"","
176,"""1072"","
177,"""1558"","
178,"""118"","
179,"""156"","
180,"""57007"","
181,"""1909"","
182,"""2660"","
183,"""9531"","
184,"""6517"","
185,"""27113"","
186,"""408"","
187,"""359"","
188,"""406973"","
189,"""100048912"","
190,"""2166"","
191,"""6337"","
192,"""4040"","
193,"""6721"","
194,"""6351"","
195,"""10371"","
196,"""7498"","
197,"""5008"","
198,"""6559"","
199,"""4256"","
200,"""574501"","
201,"""5997"","
202,"""3205"","
203,"""11082"","
204,"""3816"","
205,"""10859"","
206,"""6338"","
207,"""55636"","
208,"""7846"","
209,"""10911"","
210,"""148"","
211,"""7222"","
212,"""6019"","
213,"""1581"","
214,"""2771"","
215,"""6317"","
216,"""10333"","
217,"""5530"","
218,"""7293"","
219,"""116085"","
220,"""5696"","
221,"""6340"","
222,"""493"","
223,"""4543"","
224,"""51422"","
225,"""10159"","
226,"""7058"","
227,"""187"","
228,"""79400"","
229,"""4881"","
230,"""55328"","
231,"""490"","
232,"""23576"","
233,"""1579"","
234,"""3777"","
235,"""6013"","
236,"""407017"","
237,"""65266"","
238,"""22846"","
239,"""7434"","
240,"""5046"","
241,"""10699"","
242,"""5737"","
243,"""80310"","
244,"""4883"","
245,"""2868"","
246,"""90550"","
247,"""8997"","
248,"""1489"","
249,"""27433"","
250,"""119"","
251,"""5532"","
252,"""2028"","
253,"""4969"","
254,"""407047"","
255,"""5547"","
256,"""653"","
257,"""115557"","
258,"""114897"","
259,"""8620"","
260,"""8942"","
261,"""171389"","
262,"""26548"","
263,"""574045"","
